Victor,Gogh,123991,80,English,70
James,Constable,130001,69,English,70
Charles,Monet,173001,70,English,70
Emily,Banks,203901,95,English,70
Carlie,Larsson,190303,70,English,70
Amrita,Shergil,123457,78,English,70
Paul,Piccaso,100010,99,English,70
Ted,Lowery,220001,91,English,70
Claire,Turner,127078,75,English,70
Anna,Ahmed,113456,95,English,70
Leonard,Vinci,223001,70,English,70
Victor,Gogh,123991,99,Dutch,50
James,Constable,130001,55,Dutch,50
Charles,Monet,173001,50,Dutch,50
Emily,Banks,203901,50,Dutch,50
Carlie,Larsson,190303,50,Dutch,50
Amrita,Shergil,123457,66,Dutch,50
Paul,Piccaso,100010,49,Dutch,50
Ted,Lowery,220001,46,Dutch,50
Claire,Turner,127078,77,Dutch,50
Anna,Ahmed,113456,60,Dutch.,50
Leonard,Vinci,223001,75,Dutch,50
Victor,Gogh,123991,50,Italian,50
James,Constable,130001,50,Italian,50
Charles,Monet,173001,57,Italian,50
Emily,Banks,203901,60,Italian,50
Carlie,Larsson,190303,50,Italian,50
Amrita,Shergil,123457,70,Italian,50
Paul,Piccaso,100010,55,Italian,50
Ted,Lowery,220001,69,Italian,50
Claire,Turner,127078,30,Italian,50
Anna,Ahmed,113456,60,Italian,50
Leonard,Vinci,223001,95,Italian,50
Victor,Gogh,123991,50,Spanish,50
James,Constable,130001,50,Spanish,50
Charles,Monet,173001,71,Spanish,50
Emily,Banks,203901,65,Spanish,50
Carlie,Larsson,190303,40,Spanish,50
Amrita,Shergil,123457,57,Spanish,50
Paul,Piccaso,100010,100,Spanish,50
Ted,Lowery,220001,70,Spanish,50
Claire,Turner,127078,67,Spanish,50
Anna,Ahmed,113456,70,Spanish,50
Leonard,Vinci,223001,90,Spanish,50
Victor,Gogh,123991,60,Swedish,60
James,Constable,130001,66,Swedish,60
Charles,Monet,173001,55,Swedish,60
Emily,Banks,203901,60,Swedish,60
Carlie,Larsson,190303,100,Swedish,60
Amrita,Shergil,123457,80,Swedish,60
Paul,Piccaso,100010,60,Swedish,60
Ted,Lowery,220001,63,Swedish,60
Claire,Turner,127078,65,Swedish,60
Anna,Ahmed,113456,60,Swedish,60
Leonard,Vinci,223001,85,Swedish,60
